{
     "precision": 0.7129032258064516,
     "recall": 0.27283950617283953,
     "fbeta": 0.3946428571428572
}