{
     "precision": 0.7130730050933786,
     "recall": 0.2723735408560311,
     "fbeta": 0.3941811356170811
}