{"precision": 0.7086971707998603, "recall": 0.27024507192328184, "fbeta": 0.3912833863658278}