{
     "precision": 0.7222222222222222,
     "recall": 0.27065712426805466,
     "fbeta": 0.39375295787979175
}