{
     "precision": 0.7439024390243902,
     "recall": 0.2672090112640801,
     "fbeta": 0.3931860036832412
}