{
     "precision": 0.7291280148423006,
     "recall": 0.24904942965779467,
     "fbeta": 0.37128011336797356
}